aboservice.autobild.de	200	https://kundenservice.auth.axelspringer.de/?layout=aubild/
aboservice.bild.de	200	https://kundenservice.auth.axelspringer.de/?layout=bild
aboservice.computerbild.de	200	https://kundenservice.auth.axelspringer.de/?layout=cbild
admin.checkout.co.auth.bild.de	403	http://admin.checkout.co.auth.bild.de/
admin.checkout.prod.ps.bild.de	502	https://admin.checkout.prod.ps.bild.de/
admin.checkout-uat.co.auth.bild.de	403	http://admin.checkout-uat.co.auth.bild.de/
alerts-na1.emarketer.com	200	https://subscriptions.emarketer.com:443/Account/Login?returnUrl=https%3A%2F%2Falerts-na1.emarketer.com
as-nmt.de	200	https://login.microsoftonline.com:443/a1e7a36c-6a48-4768-9d65-3f679c0f3b12/oauth2/authorize?client%5Fid=00000003%2D0000%2D0ff1%2Dce00%2D000000000000&response%5Fmode=form%5Fpost&ear%5Fjwe%5Fcrypto=eyJhbGciOiJFQ0RILUVTIiwiZW5jIjoiQTI1NkdDTSIsImFwdiI6IkFBQUFDVVZoY2tOc2FXVnVkR2dBQUFCRlEwc3pNQUFBQU5tdE9rbFNmclB0amV2TEY1VFlZZHpnWFZwTFFjRGtpS1QxREtRT0pxRUlPNEhKRCtmL2tKWjc1RDcrcUtLSkRKTC9hRkV3Y3hJSmtkOGJxTzlvWjAvTEhlT1Z5blJoRGpyem1nRUhhcVNaMlNXVmMzdEtWcGVpZkdVNEFGMnlXZ0FBQUJnTW5YcWNvRTJLVms3d2hTNWMxUU8zdGkyT3dQUzgydFk9In0%3D&ear%5Fjwk=eyJhbGciOiJFQ0RILUVTIiwiY3J2IjoiUC0zODQiLCJ4IjoiQUFBQU1ObXRPa2xTZnJQdGpldkxGNVRZWWR6Z1hWcExRY0RraUtUMURLUU9KcUVJTzRISkQrZi9rSlo3NUQ3K3FLS0pEQT09IiwieSI6IkFBQUFNSkwvYUZFd2N4SUprZDhicU85b1owL0xIZU9WeW5SaERqcnptZ0VIYXFTWjJTV1ZjM3RLVnBlaWZHVTRBRjJ5V2c9PSIsImt0eSI6IkVDIn0%3D&spa%5Fclient%5Fid=08e18876%2D6177%2D487e%2Db8b5%2Dcf950c1e598c&client%5Finfo=1&response%5Ftype=code%20id%5Ftoken%20spa%5Frt&resource=00000003%2D0000%2D0ff1%2Dce00%2D000000000000&scope=openid&nonce=B6670FE014B14119C2571B7809C3493CFD60C13548261641%2D56EA52AF3597600D63992334131D32511B7BB0D3EF1FDF9B6B853AF2FCC03166&redirect%5Furi=https%3A%2F%2Fmoveoffice%2Esharepoint%2Ecom%2F%5Fforms%2Fdefault%2Easpx&state=OD0wJjMyPUFBTG9WZ0FBQUJRNzI4MlFkU1lLamZBU0pYSiUyRmI4aVo4VzV2aHR5SVNCbmllTGhIcHVsMUFDNndJVTNCc3o5Um9FJTJGcEVVazhtTk5hYXpqTElLZ3RsZk15WDNuVjViSyUyRjNCV1pHJTJGamlDMWJxOGRXYmhxVm5McVRwVEJST29SeEZJOUtRSFpZQ3klMkJmVUYxOTJNNmI5UFl5aU83MVR5VSUyRmFTbEVXS1VPVGNJYlU0WHN6VSUyQlpjSmVIWGRvZ21ZNzNxbm83SlBlVVIySklIZUNoZkg3S0xDYklTbmpzVmd5UGd5WCUyQkpqQk13dmtKaTd5VGZ6WHRjUFF6elh0Zkc2dEhqd0lyZiUyQmtJWFZ3UnJROGVOSk80RWQ0Vjk2QTZVMjlEOXRmWlJvTHRmRiUyQlJEVmsxdkppNmFNZHVNbG1JR1dGMVYwTlZaRVpyeWoybEZOU2gyNSUyQkdlWG4yT2tLbm5HbUw2NmVZTHVhRk16VFp4anNacndRT1glMkJNVFRqcXd3b1gwSW95RSUzRA&claims=%7B%22id%5Ftoken%22%3A%7B%22xms%5Fcc%22%3A%7B%22values%22%3A%5B%22CP1%22%5D%7D%7D%7D&wsucxt=1&cobrandid=11bd8083%2D87e0%2D41b5%2Dbb78%2D0bc43c8a8e8a&client%2Drequest%2Did=0ad33ea2%2D1015%2D3001%2D53ee%2Da4d137fd0755
bild.tv	200	https://www.bild.de/tv/mediathek/livestream/startseite-77204148.bild.html
categorization.springtools.de	403	https://categorization.springtools.de/
categorization-stg.springtools.de	403	https://categorization-stg.springtools.de/
checkout.co.auth.bild.de	200	https://checkout.co.auth.bild.de/
checkout-uat.co.auth.bild.de	200	https://checkout-uat.co.auth.bild.de/
consumer-api.prod.auth.autobild.de	404	https://consumer-api.prod.auth.autobild.de/
consumer-api.prod.auth.bild.de	404	https://consumer-api.prod.auth.bild.de/
consumer-api.prod.auth.sportbild.de	404	https://consumer-api.prod.auth.sportbild.de/
consumer-api.stage.auth.bild.de	409	http://consumer-api.stage.auth.bild.de/
consumer-api.uat.auth.autobild.de	404	https://consumer-api.uat.auth.autobild.de/
consumer-api.uat.auth.bild.de	404	https://consumer-api.uat.auth.bild.de/
consumer-api.uat.auth.sportbild.de	404	https://consumer-api.uat.auth.sportbild.de/
curato-test.ep.springtools.de	200	https://curato-test.ep.springtools.de/
dev.newsos.com	200	https://dev.newsos.com/login?next=%2F
dev.vibed.newsos.com	503	https://dev.vibed.newsos.com/
digasred.stage.autobild.de	403	https://digasred.stage.autobild.de/
einbuergerungstest.bild.de	200	https://www.bild.de/games/
emailverification-management-na1.emarketer.com	200	https://login.microsoftonline.com/0aebfe46-98d0-4e40-aa2c-ecc2747a8ad5/oauth2/authorize?client_id=c3a0264c-843c-4e8f-8142-fde13582cd6d&redirect_uri=https%3A%2F%2Femailverification-management-na1.emarketer.com&response_type=code%20id_token&scope=openid%20profile&state=OpenIdConnect.AuthenticationProperties%3DYmhf1rGU67sb4ygnSOdxhdcOidEu2ZlryNkN14sVNI5uuiSddPr8Jc8EzaOd_4vQvpvvMXvCncqSyZ1BdF7xsieRvBzyaR6SD7xUfSbji679mRA1LAGs5_UQAoJyhr6ArZabm49yZX4bWQsjnf8Kw7NYDIkxaCr9MEvEzafYanYwz-fr7Y_JNzLxKw36kCP6kII_cn3q7_74We1P2OYtqfpYs4MOawENaCwnJGKwNairTBjV_sV3mpNCYp9m27DWoU2_6nGxNDs9G8c1bDK5hj2_4NdbJSgRi3_WmnTaud0&response_mode=form_post&nonce=639259776554629171.ZmU4OTgwNDMtMWZjOS00NDBmLWFiNzMtYzAxZTdmODRiZTk0OTFmNWRhYmQtNmQyMS00ZDJlLTg4NDYtNTJlYWY1ODE5ZDAx&x-client-SKU=ID_NET461&x-client-ver=5.7.0.0
favorites.emarketer.com	200	https://subscriptions.emarketer.com/Account/Login?returnUrl=https%3A%2F%2Ffolders.emarketer.com
folders.emarketer.com	200	https://subscriptions.emarketer.com/Account/Login?returnUrl=https%3A%2F%2Ffolders.emarketer.com
gebrauchtwagen.stage.autobild.de	401	https://gebrauchtwagen.stage.autobild.de/
help.politico.eu	200	https://www.politico.eu/professional-services-uk/?client_id=znQGlYseabkN6WX9uDEbFfROVnDhBF1a3SRoQjC0&redirect_uri=https%3A%2F%2Fapi.politico.eu%2Foauth%2Fcallback&response_type=code&redirect_url=https%3A%2F%2Fhelp.politico.eu%2F&timestamp=17903808570748773&geo-redirect
internal2tree.bild.de	404	https://internal2tree.bild.de/
int.kundenservice.auth.bild.de	404	https://int.kundenservice.auth.bild.de/
intranet.emarketer.com	200	https://accounts.google.com/v3/signin/identifier?continue=https://sites.google.com/emarketer.com/ii-intranet&followup=https://sites.google.com/emarketer.com/ii-intranet&osid=1&passive=1209600&service=wise&flowName=WebLiteSignIn&flowEntry=ServiceLogin&dsh=S-1959516738:1790380857593597
iqtest.bild.de	200	https://www.bild.de/games/
kundenservice.auth.bild.de	200	https://kundenservice.auth.bild.de/
login.bild.de	200	https://signin.auth.bild.de/login?returnTo=https%3A%2F%2Fwww.bild.de%2F
managementapi.emarketer.com	401	https://managementapi.emarketer.com/
m.einbuergerungstest.bild.de	404	http://m.einbuergerungstest.bild.de/
m.iqtest.bild.de	404	http://m.iqtest.bild.de/
m.tv.bild.de	200	https://www.bild.de/tv/mediathek/livestream/startseite-77204148.bild.html
m.wissenstest.bild.de	404	http://m.wissenstest.bild.de/
newsos.com	200	https://newsos.com/login?next=%2F
pbs-test.asadcdn.com	200	https://pbs-test.asadcdn.com/
play-staging.sportbild.de	200	https://play-staging.sportbild.bild.de/
staging.epaper.bild.de	200	https://staging.epaper.bild.de/
staging.pbsb.asadcdn.com	401	https://staging.pbsb.asadcdn.com/
stream.springtools.de	200	https://stream.springtools.de/
stream-stage.springtools.de	200	https://stream-stage.springtools.de/
test.pbsb.asadcdn.com	401	https://test.pbsb.asadcdn.com/
totalaccess.emarketer.com	200	https://subscriptions.emarketer.com/Account/Login?ReturnUrl=https%3A%2F%2Ftotalaccess.emarketer.com%2F
tv.bild.de	200	https://www.bild.de/tv/mediathek/livestream/startseite-77204148.bild.html
video.stage.autobild.de	404	https://video.stage.autobild.de/
wires.dev.newsos.com	200	https://wires.dev.newsos.com/login?next=%2F
wires.newsos.com	200	https://wires.newsos.com/login?next=%2F
wissenstest.bild.de	200	https://www.bild.de/games/
www.aboservice.bild.de	200	https://kundenservice.auth.axelspringer.de/?layout=bild
www.bild.tv	200	https://www.bild.de/tv/mediathek/livestream/startseite-77204148.bild.html
www.stage.autobild.de	401	https://www.stage.autobild.de/
