asbs.fitbook.de	404	https://asbs.fitbook.de/	
asbs.myhomebook.de	404	https://asbs.myhomebook.de/	
asbs.petbook.de	404	https://asbs.petbook.de/	
asbs.techbook.de	404	https://asbs.techbook.de/	
asbs.travelbook.de	404	https://asbs.travelbook.de/	
as.fitbook.de	200	https://as.fitbook.de/	
as.myhomebook.de	200	https://as.myhomebook.de/	
as.petbook.de	200	https://as.petbook.de/	
asset.fitbook.de	403	https://asset.fitbook.de/	Access Denied
asset.myhomebook.de	403	https://asset.myhomebook.de/	Access Denied
asset.petbook.de	403	https://asset.petbook.de/	Access Denied
asset.stylebook.de	403	https://asset.stylebook.de/	Access Denied
asset.techbook.de	403	https://asset.techbook.de/	Access Denied
asset.travelbook.de	403	https://asset.travelbook.de/	Access Denied
as.stylebook.de	200	https://as.stylebook.de/	
as.techbook.de	200	https://as.techbook.de/	
ast.fitbook.de	404	https://ast.fitbook.de/	
ast.myhomebook.de	404	https://ast.myhomebook.de/	
ast.petbook.de	404	https://ast.petbook.de/	
as.travelbook.de	200	https://as.travelbook.de/	
ast.stylebook.de	404	https://ast.stylebook.de/	
ast.techbook.de	404	https://ast.techbook.de/	
ast.travelbook.de	404	https://ast.travelbook.de/	
blogstars.stylebook.de	403	https://www.stylebook.de/blogstar	Access Denied
blogstars.travelbook.de	403	https://www.travelbook.de/blogstar	Access Denied
cmp.fitbook.de	403	https://cmp.fitbook.de/	
cmp.myhomebook.de	403	https://cmp.myhomebook.de/	
cmp.petbook.de	403	https://cmp.petbook.de/	
cmp.stylebook.de	403	https://cmp.stylebook.de/	
cmp.techbook.de	403	https://cmp.techbook.de/	
cmp.travelbook.de	403	https://cmp.travelbook.de/	
data-4892815f14.fitbook.de	200	http://data-4892815f14.fitbook.de/	
data-50c00d5d12.techbook.de	200	http://data-50c00d5d12.techbook.de/	
data-6463194ae5.fitbook.de	200	http://data-6463194ae5.fitbook.de/	
data-7a534833b2.techbook.de	200	http://data-7a534833b2.techbook.de/	
data-861bbf2127.fitbook.de	200	https://data-861bbf2127.fitbook.de/	
data-861bbf2127.myhomebook.de	200	https://data-861bbf2127.myhomebook.de/	
data-861bbf2127.petbook.de	200	https://data-861bbf2127.petbook.de/	
data-861bbf2127.stylebook.de	200	https://data-861bbf2127.stylebook.de/	
data-861bbf2127.techbook.de	200	https://data-861bbf2127.techbook.de/	
data-861bbf2127.travelbook.de	200	https://data-861bbf2127.travelbook.de/	
data-8a60c76189.myhomebook.de	200	http://data-8a60c76189.myhomebook.de/	
data-9e4f40dc7c.travelbook.de	200	http://data-9e4f40dc7c.travelbook.de/	
data-a379a2e240.petbook.de	200	http://data-a379a2e240.petbook.de/	
data-ade1ea328b.stylebook.de	200	http://data-ade1ea328b.stylebook.de/	
data-bb21a2f11b.fitbook.de	200	https://data-bb21a2f11b.fitbook.de/	
data-bb21a2f11b.myhomebook.de	200	https://data-bb21a2f11b.myhomebook.de/	
data-bb21a2f11b.petbook.de	200	https://data-bb21a2f11b.petbook.de/	
data-bb21a2f11b.stylebook.de	200	https://data-bb21a2f11b.stylebook.de/	
data-bb21a2f11b.techbook.de	200	https://data-bb21a2f11b.techbook.de/	
data-bb21a2f11b.travelbook.de	200	https://data-bb21a2f11b.travelbook.de/	
data-bb4ada6163.travelbook.de	200	http://data-bb4ada6163.travelbook.de/	
data-d1cd281a03.myhomebook.de	200	http://data-d1cd281a03.myhomebook.de/	
data-e723f0d7d1.stylebook.de	200	http://data-e723f0d7d1.stylebook.de/	
data-fee2664334.petbook.de	200	http://data-fee2664334.petbook.de/	
embed.stylebook.de	403	https://embed.stylebook.de/	Access Denied
escapes.travelbook.de	403	https://www.travelbook.de/	Access Denied
link.mailer.fitbook.de	200	https://suite45.emarsys.net/docroot.html	404 - Not Found
link.mailer.myhomebook.de	200	https://suite45.emarsys.net/docroot.html	404 - Not Found
link.mailer.petbook.de	200	https://suite45.emarsys.net/docroot.html	404 - Not Found
link.mailer.stylebook.de	200	https://suite45.emarsys.net/docroot.html	404 - Not Found
link.mailer.techbook.de	200	https://suite45.emarsys.net/docroot.html	404 - Not Found
link.mailer.travelbook.de	200	https://suite45.emarsys.net/docroot.html	404 - Not Found
link-test.mailer.stylebook.de	200	https://suite40.emarsys.net/docroot.html	404 - Not Found
m.purmail.fitbook.de	200	https://sentby.spotler.com/sendpro/	SendPro – Sent by Spotler
m.purmail.myhomebook.de	200	https://sentby.spotler.com/sendpro/	SendPro – Sent by Spotler
m.purmail.petbook.de	200	https://sentby.spotler.com/sendpro/	SendPro – Sent by Spotler
m.purmail.stylebook.de	200	https://sentby.spotler.com/sendpro/	SendPro – Sent by Spotler
m.purmail.techbook.de	200	https://sentby.spotler.com/sendpro/	SendPro – Sent by Spotler
m.purmail.travelbook.de	200	https://sentby.spotler.com/sendpro/	SendPro – Sent by Spotler
productstorybundles.fitbook.de	404	https://productstorybundles.fitbook.de/	404 Not Found
productstorybundles.myhomebook.de	404	https://productstorybundles.myhomebook.de/	404 Not Found
productstorybundles.petbook.de	404	https://productstorybundles.petbook.de/	404 Not Found
productstorybundles.stylebook.de	404	https://productstorybundles.stylebook.de/	404 Not Found
productstorybundles.techbook.de	404	https://productstorybundles.techbook.de/	404 Not Found
productstorybundles.travelbook.de	404	https://productstorybundles.travelbook.de/	404 Not Found
pur.fitbook.de	200	https://pur.fitbook.de/	Loading ...
pur.myhomebook.de	200	https://pur.myhomebook.de/	Loading ...
pur.petbook.de	200	https://pur.petbook.de/	Loading ...
pur.techbook.de	200	https://pur.techbook.de/	Loading ...
pur.travelbook.de	200	https://pur.travelbook.de/	Loading ...
ras.fitbook.de	403	https://ras.fitbook.de/	
ras.myhomebook.de	403	https://ras.myhomebook.de/	
ras.petbook.de	403	https://ras.petbook.de/	
ras.techbook.de	403	https://ras.techbook.de/	
ras.travelbook.de	403	https://ras.travelbook.de/	
search.fitbook.de	200	https://search.fitbook.de/	FITBOOK
suche.fitbook.de	200	https://suche.fitbook.de/	FITBOOK
tollbit.fitbook.de	402	https://tollbit.fitbook.de/	
tollbit.myhomebook.de	402	https://tollbit.myhomebook.de/	
tollbit.petbook.de	402	https://tollbit.petbook.de/	
tollbit.techbook.de	402	https://tollbit.techbook.de/	
tollbit.travelbook.de	402	https://tollbit.travelbook.de/	
utiq.fitbook.de	404	https://utiq.fitbook.de/	
utiq.myhomebook.de	404	https://utiq.myhomebook.de/	
utiq.petbook.de	404	https://utiq.petbook.de/	
utiq.stylebook.de	404	https://utiq.stylebook.de/	
utiq.techbook.de	404	https://utiq.techbook.de/	
utiq.travelbook.de	404	https://utiq.travelbook.de/	
wetter.travelbook.de	200	https://wetter.travelbook.de/	TRAVELBOOK - Deutschlands größtes Online-Reisemagazin
www.fitbook.de	403	https://www.fitbook.de/	Access Denied
www.myhomebook.de	403	https://www.myhomebook.de/	Access Denied
www.petbook.de	403	https://www.petbook.de/	Access Denied
www.stylebook.de	403	https://www.stylebook.de/	Access Denied
www.techbook.de	403	https://www.techbook.de/	Access Denied
www.travelbook.de	403	https://www.travelbook.de/	Access Denied
